method,coverage,risk
confidence,0.006756756756756757,0.0007063350951116432
confidence,0.013513513513513514,0.021857018378524606
confidence,0.02027027027027027,0.014790553028993606
confidence,0.02702702702702703,0.011092914771745205
confidence,0.033783783783783786,0.015141063213470796
confidence,0.04054054054054054,0.012681645381578935
confidence,0.0472972972972973,0.010906524785056224
confidence,0.05405405405405406,0.00959127871468915
confidence,0.060810810810810814,0.00854588424661166
confidence,0.06756756756756757,0.007877177192042395
confidence,0.07432432432432433,0.0075760553920008215
confidence,0.08108108108108109,0.007018155057413693
confidence,0.08783783783783784,0.006487757639424356
confidence,0.0945945945945946,0.006228696586676582
confidence,0.10135135135135136,0.005863243009260155
confidence,0.10810810810810811,0.005648210538391089
confidence,0.11486486486486487,0.005527844678404366
confidence,0.12162162162162163,0.005491298026657327
confidence,0.12837837837837837,0.006712696922549756
confidence,0.13513513513513514,0.006585790273922326
confidence,0.14189189189189189,0.006460709612996026
confidence,0.14864864864864866,0.006882397563370396
confidence,0.1554054054054054,0.0068154355083963804
confidence,0.16216216216216217,0.0065459785191603476
confidence,0.16891891891891891,0.006284139378393934
confidence,0.17567567567567569,0.006062537512163782
confidence,0.18243243243243243,0.005972088968352839
confidence,0.1891891891891892,0.006146155135677075
confidence,0.19594594594594594,0.0060215511444516754
confidence,0.20270270270270271,0.005850506363474403
confidence,0.20945945945945946,0.0056631025119476385
confidence,0.21621621621621623,0.005587324528945611
confidence,0.22297297297297297,0.032934197512609585
confidence,0.22972972972972974,0.032312365354962576
confidence,0.23648648648648649,0.03146301015997166
confidence,0.24324324324324326,0.030637437545758935
confidence,0.25,0.0299262336060261
confidence,0.25675675675675674,0.039463379747022874
confidence,0.2635135135135135,0.038475245579856474
confidence,0.2702702702702703,0.03751336444036006
confidence,0.27702702702702703,0.03670234302827692
confidence,0.28378378378378377,0.04000872852643459
confidence,0.2905405405405405,0.039078292979308205
confidence,0.2972972972972973,0.04733060596766297
confidence,0.30405405405405406,0.06736802709172485
confidence,0.3108108108108108,0.06590350476364387
confidence,0.31756756756756754,0.06450130253463017
confidence,0.32432432432432434,0.06562569502835562
confidence,0.3310810810810811,0.0643617332094501
confidence,0.33783783783783783,0.08212379889054525
confidence,0.34459459459459457,0.08128918641863493
confidence,0.35135135135135137,0.09848218799142285
confidence,0.3581081081081081,0.09673414767275881
confidence,0.36486486486486486,0.09500201591205872
confidence,0.3716216216216216,0.09563224932927832
confidence,0.3783783783783784,0.09439452093788922
confidence,0.38513513513513514,0.09275124000707248
confidence,0.3918918918918919,0.09118176091346916
confidence,0.39864864864864863,0.08971374088630939
confidence,0.40540540540540543,0.100284319551233
confidence,0.41216216216216217,0.09868469087742436
confidence,0.4189189189189189,0.11312178405602165
confidence,0.42567567567567566,0.11155287326053363
confidence,0.43243243243243246,0.11050713556551611
confidence,0.4391891891891892,0.11095774177144091
confidence,0.44594594594594594,0.10932282927341125
confidence,0.4527027027027027,0.1078363341845558
confidence,0.4594594594594595,0.10635322642188048
confidence,0.46621621621621623,0.104811875314317
confidence,0.47297297297297297,0.10331456280982676
confidence,0.4797297297297297,0.11586566605614114
confidence,0.4864864864864865,0.11489482723153323
confidence,0.49324324324324326,0.11347061020899768
confidence,0.5,0.11197417011909423
confidence,0.5067567567567568,0.12355979895993878
confidence,0.5135135135135135,0.12228827437537654
confidence,0.5202702702702703,0.1208310564370674
confidence,0.527027027027027,0.11987518128685636
confidence,0.5337837837837838,0.11894681305422641
confidence,0.5405405405405406,0.12666959819401927
confidence,0.5472972972972973,0.12512865139705212
confidence,0.5540540540540541,0.12365530775236325
confidence,0.5608108108108109,0.12216881370482378
confidence,0.5675675675675675,0.1210485271112276
confidence,0.5743243243243243,0.1196628714839109
confidence,0.581081081081081,0.12959952954981768
confidence,0.5878378378378378,0.1281243522680349
confidence,0.5945945945945946,0.1266683937195345
confidence,0.6013513513513513,0.12524720767113035
confidence,0.6081081081081081,0.1348301271713882
confidence,0.6148648648648649,0.13544609678969743
confidence,0.6216216216216216,0.1341118134414031
confidence,0.6283783783783784,0.1326795587952258
confidence,0.6351351351351351,0.1313587473197518
confidence,0.6418918918918919,0.1300154393470386
confidence,0.6486486486486487,0.1289717162911054
confidence,0.6554054054054054,0.13700210391045503
confidence,0.6621621621621622,0.13931945951137556
confidence,0.668918918918919,0.13830276656127125
confidence,0.6756756756756757,0.13692047023730478
confidence,0.6824324324324325,0.13562357583886317
confidence,0.6891891891891891,0.14405667416857054
confidence,0.6959459459459459,0.142662774470373
confidence,0.7027027027027027,0.1436618557321971
confidence,0.7094594594594594,0.14232794211524655
confidence,0.7162162162162162,0.150324712688914
confidence,0.722972972972973,0.1498294996967322
confidence,0.7297297297297297,0.14852913091585046
confidence,0.7364864864864865,0.14737724063132177
confidence,0.7432432432432432,0.15489802236351508
confidence,0.75,0.16120126666235626
confidence,0.7567567567567568,0.1640385751799049
confidence,0.7635135135135135,0.17092928189055925
confidence,0.7702702702702703,0.16943798663796747
confidence,0.777027027027027,0.17391264227950587
confidence,0.7837837837837838,0.17297023808689743
confidence,0.7905405405405406,0.17149185998359062
confidence,0.7972972972972973,0.17826899905148672
confidence,0.8040540540540541,0.17702752769119623
confidence,0.8108108108108109,0.18329792899794217
confidence,0.8175675675675675,0.18179038268595102
confidence,0.8243243243243243,0.184751363441943
confidence,0.831081081081081,0.18334291434729708
confidence,0.8378378378378378,0.18333059688500677
confidence,0.8445945945945946,0.1821724863118811
confidence,0.8513513513513513,0.18076077955195977
confidence,0.8581081081081081,0.17942458556360433
confidence,0.8648648648648649,0.1791561102016198
confidence,0.8716216216216216,0.1830940108911057
confidence,0.8783783783783784,0.1816882903175039
confidence,0.8851351351351351,0.18073476836367597
confidence,0.8918918918918919,0.18019652340683553
confidence,0.8986486486486487,0.17958563343586598
confidence,0.9054054054054054,0.1782752844815442
confidence,0.9121621621621622,0.17702934050966404
confidence,0.918918918918919,0.18300227654418974
confidence,0.9256756756756757,0.1826232071346837
confidence,0.9324324324324325,0.18140334822792603
confidence,0.9391891891891891,0.18029459953042784
confidence,0.9459459459459459,0.17922498618055857
confidence,0.9527027027027027,0.17803239841120075
confidence,0.9594594594594594,0.18353062387369182
confidence,0.9662162162162162,0.18231705891021957
confidence,0.972972972972973,0.1841420781766447
confidence,0.9797297297297297,0.18420958876734075
confidence,0.9864864864864865,0.1896260378911401
confidence,0.9932432432432432,0.18851382543505046
confidence,1.0,0.18769856489672226
stability,0.006756756756756757,0.003199032594954132
stability,0.013513513513513514,0.4988209629465507
stability,0.02027027027027027,0.5781371833769188
stability,0.02702702702702703,0.681099293263689
stability,0.033783783783783786,0.5457317319199414
stability,0.04054054054054054,0.4548405359703045
stability,0.0472972972972973,0.3899182531491352
stability,0.05405405405405406,0.4654015299993004
stability,0.060810810810810814,0.5195196952509566
stability,0.06756756756756757,0.46763348795885423
stability,0.07432432432432433,0.5142937466155435
stability,0.08108108108108109,0.4717057849855717
stability,0.08783783783783784,0.508421844336716
stability,0.0945945945945946,0.5417720888986367
stability,0.10135135135135136,0.5056661315388604
stability,0.10810810810810811,0.47411729989562
stability,0.11486486486486487,0.49649617281557673
stability,0.12162162162162163,0.4689545461550131
stability,0.12837837837837837,0.4443099034676498
stability,0.13513513513513514,0.4222577982337327
stability,0.14189189189189189,0.40229568959886375
stability,0.14864864864864866,0.4169162701071757
stability,0.1554054054054054,0.4411466698917287
stability,0.16216216216216217,0.46398841869645513
stability,0.16891891891891891,0.4454288819485969
stability,0.17567567567567569,0.4283068403815709
stability,0.18243243243243243,0.44932509094036516
stability,0.1891891891891892,0.43329508788014576
stability,0.19594594594594594,0.4183789644319109
stability,0.20270270270270271,0.40457709534336866
stability,0.20945945945945946,0.39203389370394487
stability,0.21621621621621623,0.379935022180289
stability,0.22297297297297297,0.3685525812818731
stability,0.22972972972972974,0.3577400391038043
stability,0.23648648648648649,0.3476381683851242
stability,0.24324324324324326,0.3379826911234859
stability,0.25,0.3551902732869751
stability,0.25675675675675674,0.3458920769820789
stability,0.2635135135135135,0.33702620292160385
stability,0.2702702702702703,0.32867207042108765
stability,0.27702702702702703,0.3206556784595977
stability,0.28378378378378377,0.31310678113719337
stability,0.2905405405405405,0.3269423009477204
stability,0.2972972972972973,0.33185338581065804
stability,0.30405405405405406,0.3245363090933163
stability,0.3108108108108108,0.3176926427721593
stability,0.31756756756756754,0.31094067880515314
stability,0.32432432432432434,0.30454522917159726
stability,0.3310810810810811,0.2983300204129932
stability,0.33783783783783783,0.29241187447424044
stability,0.34459459459459457,0.28681526921636585
stability,0.35135135135135137,0.28129959096220497
stability,0.3581081081081081,0.27602453174741015
stability,0.36486486486486486,0.271021041365092
stability,0.3716216216216216,0.2661592120098952
stability,0.3783783783783784,0.26158641345838946
stability,0.38513513513513514,0.2570603522740736
stability,0.3918918918918919,0.268282058534314
stability,0.39864864864864863,0.26382545195405394
stability,0.40540540540540543,0.2661313621626017
stability,0.41216216216216217,0.26176855294682133
stability,0.4189189189189189,0.27347728536210386
stability,0.42567567567567566,0.26915036418773647
stability,0.43243243243243246,0.26511786022700784
stability,0.4391891891891892,0.26104024905681733
stability,0.44594594594594594,0.2630296056917732
stability,0.4527027027027027,0.25927561343966454
stability,0.4594594594594595,0.25547582806136265
stability,0.46621621621621623,0.25193046738878394
stability,0.47297297297297297,0.24833540788046687
stability,0.4797297297297297,0.2449935590797676
stability,0.4864864864864865,0.24167328931469725
stability,0.49324324324324326,0.23841326570630395
stability,0.5,0.23561489261541296
stability,0.5067567567567568,0.23247336071387414
stability,0.5135135135135135,0.2418182958819001
stability,0.5202702702702703,0.2387884904821439
stability,0.527027027027027,0.2357387935701538
stability,0.5337837837837838,0.23290402281803302
stability,0.5405405405405406,0.22999925366851276
stability,0.5472972972972973,0.23307308782850397
stability,0.5540540540540541,0.23055907371514672
stability,0.5608108108108109,0.23075194301617
stability,0.5675675675675675,0.2280048960755013
stability,0.5743243243243243,0.2253224855334366
stability,0.581081081081081,0.2339954132597377
stability,0.5878378378378378,0.23134885092240734
stability,0.5945945945945946,0.22873035969709699
stability,0.6013513513513513,0.22628313076326936
stability,0.6081081081081081,0.2238166230276974
stability,0.6148648648648649,0.22136092901384063
stability,0.6216216216216216,0.22955277935979937
stability,0.6283783783783784,0.2275098307948888
stability,0.6351351351351351,0.2271201875144913
stability,0.6418918918918919,0.2319625571106051
stability,0.6486486486486487,0.22957447808287904
stability,0.6554054054054054,0.22768477000697934
stability,0.6621621621621622,0.2254080360006998
stability,0.668918918918919,0.22336323856536164
stability,0.6756756756756757,0.22114219724005518
stability,0.6824324324324325,0.2189526705347081
stability,0.6891891891891891,0.2168452803682575
stability,0.6959459459459459,0.21518625114802561
stability,0.7027027027027027,0.21320743788084753
stability,0.7094594594594594,0.21127204165433622
stability,0.7162162162162162,0.20930470204963628
stability,0.722972972972973,0.2073648674141099
stability,0.7297297297297297,0.20546827271018422
stability,0.7364864864864865,0.20385680255667293
stability,0.7432432432432432,0.2082219533099294
stability,0.75,0.21498374124483938
stability,0.7567567567567568,0.2139477092450451
stability,0.7635135135135135,0.21205598469784614
stability,0.7702702702702703,0.21030717806669505
stability,0.777027027027027,0.2084945322368949
stability,0.7837837837837838,0.20764273828710048
stability,0.7905405405405406,0.20623560122192816
stability,0.7972972972972973,0.20488219859215837
stability,0.8040540540540541,0.203417211465743
stability,0.8108108108108109,0.20280260848568793
stability,0.8175675675675675,0.20144611467548432
stability,0.8243243243243243,0.19979491701420984
stability,0.831081081081081,0.20572728097751472
stability,0.8378378378378378,0.2041833728890035
stability,0.8445945945945946,0.20276046158118338
stability,0.8513513513513513,0.2012311948089337
stability,0.8581081081081081,0.19986767941549913
stability,0.8648648648648649,0.19874978281355027
stability,0.8716216216216216,0.19755502217762672
stability,0.8783783783783784,0.1974339493072088
stability,0.8851351351351351,0.19703414617684528
stability,0.8918918918918919,0.1957394239091871
stability,0.8986486486486487,0.19447286643073966
stability,0.9054054054054054,0.19305567025820464
stability,0.9121621621621622,0.192596515422528
stability,0.918918918918919,0.19165531866160446
stability,0.9256756756756757,0.19053788403812047
stability,0.9324324324324325,0.18986251475179686
stability,0.9391891891891891,0.18871626577643805
stability,0.9459459459459459,0.1899690278266111
stability,0.9527027027027027,0.18986691084876917
stability,0.9594594594594594,0.18989553199650722
stability,0.9662162162162162,0.1893960677324299
stability,0.972972972972973,0.19117192721536747
stability,0.9797297297297297,0.18995198567553925
stability,0.9864864864864865,0.18960845521851932
stability,0.9932432432432432,0.18878020222902242
stability,1.0,0.18769856489672235
consistency,0.006756756756756757,0.004870004946957662
consistency,0.013513513513513514,0.004034518770955897
consistency,0.02027027027027027,0.00293864348911399
consistency,0.02702702702702703,0.0022496647423334293
consistency,0.033783783783783786,0.0019312562598530647
consistency,0.04054054054054054,0.001621569243981713
consistency,0.0472972972972973,0.002006269713779247
consistency,0.05405405405405406,0.0032294740186332577
consistency,0.060810810810810814,0.0029133720412428555
consistency,0.06756756756756757,0.003054324014682974
consistency,0.07432432432432433,0.00294564125888625
consistency,0.08108108108108109,0.00293857972905869
consistency,0.08783783783783784,0.0027125351345157135
consistency,0.0945945945945946,0.00275219682414369
consistency,0.10135135135135136,0.0026274671276644624
consistency,0.10810810810810811,0.003093406252533737
consistency,0.11486486486486487,0.002911441178855282
consistency,0.12162162162162163,0.0030464872410837693
consistency,0.12837837837837837,0.0030757242767434022
consistency,0.13513513513513514,0.005220201597124824
consistency,0.14189189189189189,0.005188993777813408
consistency,0.14864864864864866,0.005068250396555548
consistency,0.1554054054054054,0.004879522461111191
consistency,0.16216216216216217,0.006535611557707072
consistency,0.16891891891891891,0.006309795404004128
consistency,0.17567567567567569,0.006171225213423426
consistency,0.18243243243243243,0.007047032649128155
consistency,0.1891891891891892,0.007099755772397532
consistency,0.19594594594594594,0.007202276203615645
consistency,0.20270270270270271,0.007020280198438904
consistency,0.20945945945945946,0.007146302920632452
consistency,0.21621621621621623,0.007046702716689876
consistency,0.22297297297297297,0.006833166270729577
consistency,0.22972972972972974,0.00745762431696529
consistency,0.23648648648648649,0.007554433383721466
consistency,0.24324324324324326,0.008418667385591626
consistency,0.25,0.008928629869107368
consistency,0.25675675675675674,0.011297564800654157
consistency,0.2635135135135135,0.012194365567832412
consistency,0.2702702702702703,0.011894077313925663
consistency,0.27702702702702703,0.012544630921983565
consistency,0.28378378378378377,0.021587325113457848
consistency,0.2905405405405405,0.023348943657923026
consistency,0.2972972972972973,0.022977035991211935
consistency,0.30405405405405406,0.022466435191407227
consistency,0.3108108108108108,0.024553515779277755
consistency,0.31756756756756754,0.028157294461156293
consistency,0.32432432432432434,0.027657654242173896
consistency,0.3310810810810811,0.027103875397566465
consistency,0.33783783783783783,0.026561797889615137
consistency,0.34459459459459457,0.026231716721585342
consistency,0.35135135135135137,0.02572962579662317
consistency,0.3581081081081081,0.025261371184364508
consistency,0.36486486486486486,0.024798684714405696
consistency,0.3716216216216216,0.02491750239196874
consistency,0.3783783783783784,0.026968913759087644
consistency,0.38513513513513514,0.026495774921208914
consistency,0.3918918918918919,0.02604495928061448
consistency,0.39864864864864863,0.025671296810718374
consistency,0.40540540540540543,0.02528652408937775
consistency,0.41216216216216217,0.025577035197124634
consistency,0.4189189189189189,0.03165127760470194
consistency,0.42567567567567566,0.031192273889645433
consistency,0.43243243243243246,0.03455750751168347
consistency,0.4391891891891892,0.03403946624607316
consistency,0.44594594594594594,0.033580451453132605
consistency,0.4527027027027027,0.03366967699596822
consistency,0.4594594594594595,0.03323720360698267
consistency,0.46621621621621623,0.03276886186043359
consistency,0.47297297297297297,0.03234699536322572
consistency,0.4797297297297297,0.0319156496901955
consistency,0.4864864864864865,0.031522660483793735
consistency,0.49324324324324326,0.031091404682182102
consistency,0.5,0.030820766011217703
consistency,0.5067567567567568,0.03526452850174369
consistency,0.5135135135135135,0.03670920232711005
consistency,0.5202702702702703,0.03641794876444791
consistency,0.527027027027027,0.035957270001496316
consistency,0.5337837837837838,0.03551805273609403
consistency,0.5405405405405406,0.03669488775013206
consistency,0.5472972972972973,0.03652548283842949
consistency,0.5540540540540541,0.03615241763301819
consistency,0.5608108108108109,0.03790739511964808
consistency,0.5675675675675675,0.037460694656582263
consistency,0.5743243243243243,0.03702829042644731
consistency,0.581081081081081,0.03663323492034309
consistency,0.5878378378378378,0.03621510349833822
consistency,0.5945945945945946,0.044175950324921366
consistency,0.6013513513513513,0.04372106960106815
consistency,0.6081081081081081,0.04353443472253637
consistency,0.6148648648648649,0.04305603434097003
consistency,0.6216216216216216,0.0500570046105823
consistency,0.6283783783783784,0.049655230676561204
consistency,0.6351351351351351,0.04940497084857615
consistency,0.6418918918918919,0.04900609878491213
consistency,0.6486486486486487,0.04879455480849235
consistency,0.6554054054054054,0.04845376398078864
consistency,0.6621621621621622,0.057578607547146395
consistency,0.668918918918919,0.06430961616567751
consistency,0.6756756756756757,0.06397185907578995
consistency,0.6824324324324325,0.07254120388197728
consistency,0.6891891891891891,0.07197001956882335
consistency,0.6959459459459459,0.07136244337263575
consistency,0.7027027027027027,0.07495626442939352
consistency,0.7094594594594594,0.07549067874379796
consistency,0.7162162162162162,0.07929718008232631
consistency,0.722972972972973,0.08494882686113527
consistency,0.7297297297297297,0.08420205471021543
consistency,0.7364864864864865,0.09216776996300434
consistency,0.7432432432432432,0.09292597690834885
consistency,0.75,0.09260030967823799
consistency,0.7567567567567568,0.091773521198968
consistency,0.7635135135135135,0.09099323274545845
consistency,0.7702702702702703,0.09021130006909198
consistency,0.777027027027027,0.08942685398153465
consistency,0.7837837837837838,0.0896015055339416
consistency,0.7905405405405406,0.0890606333448608
consistency,0.7972972972972973,0.09600011370098928
consistency,0.8040540540540541,0.09679745192566606
consistency,0.8108108108108109,0.09599372596230941
consistency,0.8175675675675675,0.09523814623791878
consistency,0.8243243243243243,0.0948389326696497
consistency,0.831081081081081,0.1014502757616839
consistency,0.8378378378378378,0.1006791933047528
consistency,0.8445945945945946,0.09996232064392364
consistency,0.8513513513513513,0.0991689688927814
consistency,0.8581081081081081,0.09862865205542666
consistency,0.8648648648648649,0.09787704323839486
consistency,0.8716216216216216,0.09712548590497733
consistency,0.8783783783783784,0.10387233189918438
consistency,0.8851351351351351,0.11049311005259006
consistency,0.8918918918918919,0.11014538767292593
consistency,0.8986486486486487,0.11340015945671578
consistency,0.9054054054054054,0.11306027219034086
consistency,0.9121621621621622,0.11944742030895762
consistency,0.918918918918919,0.12554717866367446
consistency,0.9256756756756757,0.13174764568687425
consistency,0.9324324324324325,0.13086534995071689
consistency,0.9391891891891891,0.13693583830483108
consistency,0.9459459459459459,0.14206171188504574
consistency,0.9527027027027027,0.14785404310632155
consistency,0.9594594594594594,0.15378454718954462
consistency,0.9662162162162162,0.1596161934518159
consistency,0.972972972972973,0.16537822433899194
consistency,0.9797297297297297,0.171095911711124
consistency,0.9864864864864865,0.1767445671478219
consistency,0.9932432432432432,0.18230266171110515
consistency,1.0,0.18769856489672224
minimum,0.006756756756756757,0.004870004946957662
minimum,0.013513513513513514,0.004034518770955897
minimum,0.02027027027027027,0.0027505886813011804
minimum,0.02702702702702703,0.0022496647423334293
minimum,0.033783783783783786,0.0018143586267917345
minimum,0.04054054054054054,0.0034772828810950007
minimum,0.0472972972972973,0.0035968814027334934
minimum,0.05405405405405406,0.0032294740186332577
minimum,0.060810810810810814,0.003350964880523345
minimum,0.06756756756756757,0.003201749762562911
minimum,0.07432432432432433,0.002910681602329919
minimum,0.08108108108108109,0.0029065333772153867
minimum,0.08783783783783784,0.006218743939304345
minimum,0.0945945945945946,0.00600796214287599
minimum,0.10135135135135136,0.005776273959360289
minimum,0.10810810810810811,0.005640381269313821
minimum,0.11486486486486487,0.005331215090067104
minimum,0.12162162162162163,0.005595174980928535
minimum,0.12837837837837837,0.005540946686752564
minimum,0.13513513513513514,0.007495182391385552
minimum,0.14189189189189189,0.007180233295460301
minimum,0.14864864864864866,0.006886927594818257
minimum,0.1554054054054054,0.006958073355942278
minimum,0.16216216216216217,0.0070878556443498
minimum,0.16891891891891891,0.006804341418575808
minimum,0.17567567567567569,0.007689483132378703
minimum,0.18243243243243243,0.0076025493237338645
minimum,0.1891891891891892,0.008333341842269934
minimum,0.19594594594594594,0.008986925891697663
minimum,0.20270270270270271,0.008717035285812191
minimum,0.20945945945945946,0.009683158581464936
minimum,0.21621621621621623,0.012472689790415572
minimum,0.22297297297297297,0.012147529373988233
minimum,0.22972972972972974,0.012924566017232686
minimum,0.23648648648648649,0.01255529270245461
minimum,0.24324324324324326,0.012281728195411588
minimum,0.25,0.014580517231358859
minimum,0.25675675675675674,0.019300269773364385
minimum,0.2635135135135135,0.01908557015318681
minimum,0.2702702702702703,0.018783056057423014
minimum,0.27702702702702703,0.019453537488232357
minimum,0.28378378378378377,0.019084622224095158
minimum,0.2905405405405405,0.024374915328187828
minimum,0.2972972972972973,0.024067438653761545
minimum,0.30405405405405406,0.026165320955532437
minimum,0.3108108108108108,0.028635564824991026
minimum,0.31756756756756754,0.03637390997688277
minimum,0.32432432432432434,0.03561992925677194
minimum,0.3310810810810811,0.0349694100864704
minimum,0.33783783783783783,0.035061193141203366
minimum,0.34459459459459457,0.03439106828053298
minimum,0.35135135135135137,0.033791974795443554
minimum,0.3581081081081081,0.0335878448917979
minimum,0.36486486486486486,0.033044764181671106
minimum,0.3716216216216216,0.0324439502874589
minimum,0.3783783783783784,0.048872897912043696
minimum,0.38513513513513514,0.04803164747665865
minimum,0.3918918918918919,0.04727549086413007
minimum,0.39864864864864863,0.04647421135795838
minimum,0.40540540540540543,0.04586176880732733
minimum,0.41216216216216217,0.04515475691796364
minimum,0.4189189189189189,0.04446814686332359
minimum,0.42567567567567566,0.04376668900528018
minimum,0.43243243243243246,0.04310973218610518
minimum,0.4391891891891892,0.04246053832704069
minimum,0.44594594594594594,0.04182511336536447
minimum,0.4527027027027027,0.043136154268256593
minimum,0.4594594594594595,0.04517555713230133
minimum,0.46621621621621623,0.04452262135681221
minimum,0.47297297297297297,0.04388658390885775
minimum,0.4797297297297297,0.04342429600916703
minimum,0.4864864864864865,0.049003400693420865
minimum,0.49324324324324326,0.04841341076604117
minimum,0.5,0.04814698463472458
minimum,0.5067567567567568,0.04807846086175409
minimum,0.5135135135135135,0.06054847592237595
minimum,0.5202702702702703,0.06164602479649557
minimum,0.527027027027027,0.061725630449905575
minimum,0.5337837837837838,0.061340921924974784
minimum,0.5405405405405406,0.06916347664022884
minimum,0.5472972972972973,0.068485907841464
minimum,0.5540540540540541,0.07647935360902816
minimum,0.5608108108108109,0.08132875682612183
minimum,0.5675675675675675,0.08053058922107426
minimum,0.5743243243243243,0.07963021609561155
minimum,0.581081081081081,0.07870428335031374
minimum,0.5878378378378378,0.07779963641525266
minimum,0.5945945945945946,0.08105308319235964
minimum,0.6013513513513513,0.0801463107556238
minimum,0.6081081081081081,0.08314400070155273
minimum,0.6148648648648649,0.08607580735196672
minimum,0.6216216216216216,0.08894387907519781
minimum,0.6283783783783784,0.09175027183663897
minimum,0.6351351351351351,0.09449695411379415
minimum,0.6418918918918919,0.09718581150090397
minimum,0.6486486486486487,0.09981865102578232
minimum,0.6554054054054054,0.10239720519963226
minimum,0.6621621621621622,0.10492313581891383
minimum,0.668918918918919,0.10739803753679576
minimum,0.6756756756756757,0.10982344122032008
minimum,0.6824324324324325,0.11220081710813103
minimum,0.6891891891891891,0.11453157778245548
minimum,0.6959459459459459,0.1168170809679581
minimum,0.7027027027027027,0.11905863216912414
minimum,0.7094594594594594,0.12125748715693464
minimum,0.7162162162162162,0.12341485431478645
minimum,0.722972972972973,0.12553189685286534
minimum,0.7297297297297297,0.12760973489949828
minimum,0.7364864864864865,0.12964944747738572
minimum,0.7432432432432432,0.1316520743720388
minimum,0.75,0.13361861789922067
minimum,0.7567567567567568,0.13555004457770287
minimum,0.7635135135135135,0.13744728671320305
minimum,0.7702702702702703,0.13931124389895766
minimum,0.777027027027027,0.14114278443800346
minimum,0.7837837837837838,0.1429427466918933
minimum,0.7905405405405406,0.1447119403602466
minimum,0.7972972972972973,0.14645114769523793
minimum,0.8040540540540541,0.1481611246548513
minimum,0.8108108108108109,0.14984260199847108
minimum,0.8175675675675675,0.15149628632814674
minimum,0.8243243243243243,0.1531228610786474
minimum,0.831081081081081,0.1547229874592212
minimum,0.8378378378378378,0.15629730534978575
minimum,0.8445945945945946,0.15784643415410127
minimum,0.8513513513513513,0.15937097361231656
minimum,0.8581081081081081,0.16087150457512686
minimum,0.8648648648648649,0.16234858974164326
minimum,0.8716216216216216,0.16380277436294235
minimum,0.8783783783783784,0.16523458691314455
minimum,0.8851351351351351,0.16664453972975585
minimum,0.8918918918918919,0.16803312962490335
minimum,0.8986486486486487,0.169400838468996
minimum,0.9054054054054054,0.17074813374825146
minimum,0.9121621621621622,0.17207546909744384
minimum,0.918918918918919,0.17338328480914814
minimum,0.9256756756756757,0.17467200832068155
minimum,0.9324324324324325,0.1759420546798739
minimum,0.9391891891891891,0.17719382699073255
minimum,0.9459459459459459,0.1784277168400075
minimum,0.9527027027027027,0.1796441047056048
minimum,0.9594594594594594,0.18084336034774298
minimum,0.9662162162162162,0.1820258431836974
minimum,0.972972972972973,0.18319190264693025
minimum,0.9797297297297297,0.18434187853135986
minimum,0.9864864864864865,0.18547610132148223
minimum,0.9932432432432432,0.18659489250901792
minimum,1.0,0.18769856489672201
fusion,0.006756756756756757,0.0006576223299316064
fusion,0.013513513513513514,0.0004201754159616766
fusion,0.02027027027027027,0.0004083023513476632
fusion,0.02702702702702703,0.0007709301887404985
fusion,0.033783783783783786,0.0007661227360784339
fusion,0.04054054054054054,0.0014501031045583053
fusion,0.0472972972972973,0.0016516459326150518
fusion,0.05405405405405406,0.0015553466131575794
fusion,0.060810810810810814,0.0018897344774273022
fusion,0.06756756756756757,0.0020609601215462515
fusion,0.07432432432432433,0.0018736001104965921
fusion,0.08108108108108109,0.0027001254473394873
fusion,0.08783783783783784,0.002903367359003223
fusion,0.0945945945945946,0.0030047619601918534
fusion,0.10135135135135136,0.0029732871221884285
fusion,0.10810810810810811,0.0029873962142362848
fusion,0.11486486486486487,0.0028640321848772965
fusion,0.12162162162162163,0.002924869085410225
fusion,0.12837837837837837,0.0029980061089446577
fusion,0.13513513513513514,0.002884481197564193
fusion,0.14189189189189189,0.0028300961904570115
fusion,0.14864864864864866,0.0027014554545271474
fusion,0.1554054054054054,0.004582490899303003
fusion,0.16216216216216217,0.006250956310974225
fusion,0.16891891891891891,0.006131630010107552
fusion,0.17567567567567569,0.006283586283779294
fusion,0.18243243243243243,0.006151119030635834
fusion,0.1891891891891892,0.006318791267164249
fusion,0.19594594594594594,0.006103423780869791
fusion,0.20270270270270271,0.006264209141055428
fusion,0.20945945945945946,0.007024009684164966
fusion,0.21621621621621623,0.007070861884680771
fusion,0.22297297297297297,0.007707040004622075
fusion,0.22972972972972974,0.019019709032836233
fusion,0.23648648648648649,0.01979836862391537
fusion,0.24324324324324326,0.020322493313557923
fusion,0.25,0.019778178235125614
fusion,0.25675675675675674,0.019257699860517046
fusion,0.2635135135135135,0.019022190845573606
fusion,0.2702702702702703,0.019329977498943593
fusion,0.27702702702702703,0.018858514633115702
fusion,0.28378378378378377,0.018412430680507047
fusion,0.2905405405405405,0.020285354554632123
fusion,0.2972972972972973,0.019983073912995825
fusion,0.30405405405405406,0.019631773691595945
fusion,0.3108108108108108,0.02004340416013298
fusion,0.31756756756756754,0.019628065579202703
fusion,0.32432432432432434,0.02124700009891641
fusion,0.3310810810810811,0.020813387851999748
fusion,0.33783783783783783,0.02094286568047323
fusion,0.34459459459459457,0.022855204436413985
fusion,0.35135135135135137,0.022415681274175255
fusion,0.3581081081081081,0.021999318755166884
fusion,0.36486486486486486,0.022388362883070046
fusion,0.3716216216216216,0.02215816825465233
fusion,0.3783783783783784,0.024258853445651884
fusion,0.38513513513513514,0.023878609236610282
fusion,0.3918918918918919,0.02347167290160991
fusion,0.39864864864864863,0.023089307790513373
fusion,0.40540540540540543,0.02940748706845344
fusion,0.41216216216216217,0.028970217502677843
fusion,0.4189189189189189,0.03247984666715207
fusion,0.42567567567567566,0.03202776772889163
fusion,0.43243243243243246,0.031577930843375866
fusion,0.4391891891891892,0.031105729218816446
fusion,0.44594594594594594,0.030698998269212425
fusion,0.4527027027027027,0.030831230575987145
fusion,0.4594594594594595,0.03043289615445787
fusion,0.46621621621621623,0.030044309642498605
fusion,0.47297297297297297,0.02961569074712212
fusion,0.4797297297297297,0.029222814153191952
fusion,0.4864864864864865,0.03151042942644719
fusion,0.49324324324324326,0.031091404682182102
fusion,0.5,0.0355915607378373
fusion,0.5067567567567568,0.03512347333138911
fusion,0.5135135135135135,0.034677889551169724
fusion,0.5202702702702703,0.03591148649023423
fusion,0.527027027027027,0.035592930804857086
fusion,0.5337837837837838,0.036978586607701765
fusion,0.5405405405405406,0.03669488775013206
fusion,0.5472972972972973,0.036246612052255364
fusion,0.5540540540540541,0.035813194040582884
fusion,0.5608108108108109,0.03538479171727369
fusion,0.5675675675675675,0.03530518559026583
fusion,0.5743243243243243,0.03493326065275665
fusion,0.581081081081081,0.03471005813959938
fusion,0.5878378378378378,0.03431109195408675
fusion,0.5945945945945946,0.03418225102167922
fusion,0.6013513513513513,0.03383248996414893
fusion,0.6081081081081081,0.033755728192694026
fusion,0.6148648648648649,0.041481155621759525
fusion,0.6216216216216216,0.04109477497363935
fusion,0.6283783783783784,0.04843728772426394
fusion,0.6351351351351351,0.04805701901173583
fusion,0.6418918918918919,0.047701475695194145
fusion,0.6486486486486487,0.0490984972923619
fusion,0.6554054054054054,0.05831076467577929
fusion,0.6621621621621622,0.06472744359893766
fusion,0.668918918918919,0.0641899151262261
fusion,0.6756756756756757,0.06385335504673306
fusion,0.6824324324324325,0.07242387316013876
fusion,0.6891891891891891,0.0718058907895639
fusion,0.6959459459459459,0.08035597939611384
fusion,0.7027027027027027,0.08127150395914064
fusion,0.7094594594594594,0.08505920221312789
fusion,0.7162162162162162,0.08425675690923046
fusion,0.722972972972973,0.08986205250274125
fusion,0.7297297297297297,0.09024360541884421
fusion,0.7364864864864865,0.08941568243335023
fusion,0.7432432432432432,0.08861965720795323
fusion,0.75,0.08785999754447431
fusion,0.7567567567567568,0.08710768440525925
fusion,0.7635135135135135,0.08656806601977877
fusion,0.7702702702702703,0.08971325696061794
fusion,0.777027027027027,0.08942685398153467
fusion,0.7837837837837838,0.08888282471799981
fusion,0.7905405405405406,0.09588313660389741
fusion,0.7972972972972973,0.09668822326350443
fusion,0.8040540540540541,0.10350625611834773
fusion,0.8108108108108109,0.10268177547828686
fusion,0.8175675675675675,0.10185318827165106
fusion,0.8243243243243243,0.10191739520434852
fusion,0.831081081081081,0.10146712443772041
fusion,0.8378378378378378,0.10069590610436967
fusion,0.8445945945945946,0.09989774803335497
fusion,0.8513513513513513,0.09910768921025588
fusion,0.8581081081081081,0.09832731370466331
fusion,0.8648648648648649,0.10517018988784481
fusion,0.8716216216216216,0.11188355484991833
fusion,0.8783783783783784,0.11151978716597223
fusion,0.8851351351351351,0.11090168749713832
fusion,0.8918918918918919,0.11014538767292596
fusion,0.8986486486486487,0.11340015945671579
fusion,0.9054054054054054,0.11983243638766275
fusion,0.9121621621621622,0.12597452616664634
fusion,0.918918918918919,0.12554717866367449
fusion,0.9256756756756757,0.1317451060542505
fusion,0.9324324324324325,0.13698288165918263
fusion,0.9391891891891891,0.13606926980621845
fusion,0.9459459459459459,0.14206171188504577
fusion,0.9527027027027027,0.14810229880749548
fusion,0.9594594594594594,0.15406244383911977
fusion,0.9662162162162162,0.15989214676817726
fusion,0.972972972972973,0.16559356472938738
fusion,0.9797297297297297,0.17127902719969504
fusion,0.9864864864864865,0.1769264284207178
fusion,0.9932432432432432,0.18245311014033988
fusion,1.0,0.18769856489672226
flip,0.006756756756756757,0.003199032594954132
flip,0.013513513513513514,0.004034518770955897
flip,0.02027027027027027,0.0029968868790025693
flip,0.02702702702702703,0.0023167406108991206
flip,0.033783783783783786,0.0025010338998958438
flip,0.04054054054054054,0.003764610437508679
flip,0.0472972972972973,0.003835592738571877
flip,0.05405405405405406,0.0033561436462503924
flip,0.060810810810810814,0.0029832387966670154
flip,0.06756756756756757,0.0027233705392122774
flip,0.07432432432432433,0.0025107510558402195
flip,0.08108108108108109,0.002375257238438011
flip,0.08783783783783784,0.002471039514655728
flip,0.0945945945945946,0.002577329291785319
flip,0.10135135135135136,0.0026838116023330414
flip,0.10810810810810811,0.0027862541131649793
flip,0.11486486486486487,0.0026223568123905686
flip,0.12162162162162163,0.002476670322813315
flip,0.12837837837837837,0.002535897722592445
flip,0.13513513513513514,0.0029554520657847695
flip,0.14189189189189189,0.002846031602172714
flip,0.14864864864864866,0.002750616207775326
flip,0.1554054054054054,0.002829495389680098
flip,0.16216216216216217,0.0028913694373002793
flip,0.16891891891891891,0.002795114869977211
flip,0.17567567567567569,0.0026974489598211625
flip,0.18243243243243243,0.002631845191958656
flip,0.1891891891891892,0.002537850720817275
flip,0.19594594594594594,0.0025794589687889763
flip,0.20270270270270271,0.002862480693199576
flip,0.20945945945945946,0.002798570070094921
flip,0.21621621621621623,0.0028934913523491097
flip,0.22297297297297297,0.0031005873210687
flip,0.22972972972972974,0.003030168137952316
flip,0.23648648648648649,0.0029456814530001056
flip,0.24324324324324326,0.00302869407915853
flip,0.25,0.003135621437090326
flip,0.25675675675675674,0.004094119894617393
flip,0.2635135135135135,0.003998125444059766
flip,0.2702702702702703,0.0038981723079582727
flip,0.27702702702702703,0.003804094616694528
flip,0.28378378378378377,0.02639125944163531
flip,0.2905405405405405,0.04888877591858465
flip,0.2972972972972973,0.04785193552928289
flip,0.30405405405405406,0.04705060149869019
flip,0.3108108108108108,0.0460475912779994
flip,0.31756756756756754,0.04506785529336112
flip,0.32432432432432434,0.04435944462122477
flip,0.3310810810810811,0.054536395443586995
flip,0.33783783783783783,0.05351768605376301
flip,0.34459459459459457,0.05308270509153968
flip,0.35135135135135137,0.07031216377344177
flip,0.3581081081081081,0.06928245963660762
flip,0.36486486486486486,0.06809838205628095
flip,0.3716216216216216,0.06734975566495235
flip,0.3783783783783784,0.06614708145664963
flip,0.38513513513513514,0.07768745653252816
flip,0.3918918918918919,0.09108177865325844
flip,0.39864864864864863,0.08956719685537405
flip,0.40540540540540543,0.09110466939150613
flip,0.41216216216216217,0.08961414752298247
flip,0.4189189189189189,0.0881987389129492
flip,0.42567567567567566,0.08750710275209941
flip,0.43243243243243246,0.08629591105436596
flip,0.4391891891891892,0.09893627112072985
flip,0.44594594594594594,0.09762954017566758
flip,0.4527027027027027,0.09634420561782918
flip,0.4594594594594595,0.09496539279301228
flip,0.46621621621621623,0.10770814746488014
flip,0.47297297297297297,0.10617985261368665
flip,0.4797297297297297,0.10471848459765382
flip,0.4864864864864865,0.11276438599789314
flip,0.49324324324324326,0.11123691640935644
flip,0.5,0.11169398158260281
flip,0.5067567567567568,0.1193666658167721
flip,0.5135135135135135,0.11779605179286722
flip,0.5202702702702703,0.11660559406628408
flip,0.527027027027027,0.12675211379607346
flip,0.5337837837837838,0.12515206764380332
flip,0.5405405405405406,0.13577095718791313
flip,0.5472972972972973,0.1461358252251439
flip,0.5540540540540541,0.14440939539692316
flip,0.5608108108108109,0.14322332160520568
flip,0.5675675675675675,0.14155234043015508
flip,0.5743243243243243,0.14068531602230003
flip,0.581081081081081,0.1391586224797326
flip,0.5878378378378378,0.14893092154554213
flip,0.5945945945945946,0.147537609475837
flip,0.6013513513513513,0.14622296113539976
flip,0.6081081081081081,0.14895757031127202
flip,0.6148648648648649,0.14732202545756082
flip,0.6216216216216216,0.1459704065928289
flip,0.6283783783783784,0.14440083232838988
flip,0.6351351351351351,0.1448953273295509
flip,0.6418918918918919,0.14368398731531828
flip,0.6486486486486487,0.14248621533337344
flip,0.6554054054054054,0.14129859743587136
flip,0.6621621621621622,0.140251334782965
flip,0.668918918918919,0.13887194317810664
flip,0.6756756756756757,0.137523212481893
flip,0.6824324324324325,0.13630300917021212
flip,0.6891891891891891,0.13526620251706034
flip,0.6959459459459459,0.13397948252714853
flip,0.7027027027027027,0.13313866145389797
flip,0.7094594594594594,0.13213795743855364
flip,0.7162162162162162,0.13142700420202053
flip,0.722972972972973,0.13029285321207382
flip,0.7297297297297297,0.13000262454592393
flip,0.7364864864864865,0.13745845765544618
flip,0.7432432432432432,0.1365594423607994
flip,0.75,0.14428812209897368
flip,0.7567567567567568,0.15129872533470348
flip,0.7635135135135135,0.1587005946918684
flip,0.7702702702702703,0.1659925686237292
flip,0.777027027027027,0.16456430625350818
flip,0.7837837837837838,0.1631674815391688
flip,0.7905405405405406,0.16179602417942296
flip,0.7972972972972973,0.16865533134735436
flip,0.8040540540540541,0.16723959518898995
flip,0.8108108108108109,0.1738357686797895
flip,0.8175675675675675,0.17348233065302976
flip,0.8243243243243243,0.17303142746926273
flip,0.831081081081081,0.17197432400741455
flip,0.8378378378378378,0.17163311860299296
flip,0.8445945945945946,0.1703282398949744
flip,0.8513513513513513,0.17687959993921282
flip,0.8581081081081081,0.17865361934494278
flip,0.8648648648648649,0.17776252666206765
flip,0.8716216216216216,0.17713907236643503
flip,0.8783783783783784,0.1766202059179297
flip,0.8851351351351351,0.18271479336009852
flip,0.8918918918918919,0.1814387752584332
flip,0.8986486486486487,0.18139465314333897
flip,0.9054054054054054,0.18038628106555737
flip,0.9121621621621622,0.18087651028507237
flip,0.918918918918919,0.1805744516723191
flip,0.9256756756756757,0.1792699148545626
flip,0.9324324324324325,0.1779746436661702
flip,0.9391891891891891,0.17989655150508582
flip,0.9459459459459459,0.17868904714900258
flip,0.9527027027027027,0.18000403938766688
flip,0.9594594594594594,0.17874267437588848
flip,0.9662162162162162,0.18084223483918857
flip,0.972972972972973,0.18470284171001128
flip,0.9797297297297297,0.18345008774581453
flip,0.9864864864864865,0.18222301477880068
flip,0.9932432432432432,0.18765616660467574
flip,1.0,0.18769856489672235
